iter	RMSE
0	1.829370197
50	1.542842242
100	1.519185404
150	1.503484349
200	1.490261341
250	1.478055602
300	1.467330357
350	1.458331253
400	1.448793335
450	1.439307439
